Index,Time_16,Time_12,Time_8,Time_4,Time_3,Time_2,Time_1,Time_6
0,0.034955099999933736,0.016454000000521773,0.01609209999878658,0.014964199999667471,0.018561000000772765,0.030225499998778105,0.05279019999943557,0.030198500000551576
1,0.008097499998257263,0.00961000000097556,0.013009299997065682,0.013127300000633113,0.01711079999950016,0.02840719999949215,0.04721090000020922,0.012228200001118239
2,0.00776400000177091,0.009139300000242656,0.011764499999117106,0.013113800003338838,0.017043300002114847,0.025325700000394136,0.0534866999987571,0.012259099999937462
3,0.007289000001037493,0.008778499999607448,0.010430999998789048,0.013190300000132993,0.016838499999721535,0.024982300001283875,0.0497486000022036,0.012268999998923391
4,0.007481600001483457,0.009388499998749467,0.010496999999304535,0.014204299997800263,0.016941800000495277,0.02494730000034906,0.04907449999882374,0.012434200001735007
5,0.007486999998945976,0.009498799998254981,0.010651700002199505,0.013307400000485359,0.017150300001958385,0.02571660000103293,0.04871300000013434,0.013371499997447245
6,0.007622000000992557,0.009326200000941753,0.010582599999906961,0.0129588000017975,0.016579999999521533,0.025409800000488758,0.04865989999962039,0.012864700001955498
7,0.007458200001565274,0.009196899998642039,0.010581399998045526,0.012945399997988716,0.01687379999930272,0.025070199997571763,0.04947340000217082,0.01225709999926039
8,0.007585200000903569,0.009519899998849723,0.013020500002312474,0.01297100000010687,0.016851000000315253,0.025902200002747122,0.0472912000004726,0.01224759999968228
9,0.007313399997656234,0.009205500002281042,0.010419400001410395,0.01328790000115987,0.01667529999758699,0.02544550000311574,0.047338000000308966,0.012341400000877911
10,0.007946300000185147,0.009403699998074444,0.010349000000132946,0.013080100001388928,0.016857500002515735,0.025582900001609232,0.04806570000073407,0.012343999998847721
11,0.0076423000027716625,0.009581700000126148,0.010958499999105697,0.013047699998423923,0.016906400000152644,0.02546290000100271,0.04966159999821684,0.012771000001521315
12,0.007209600000351202,0.009227099999407073,0.011204399997950532,0.012645099999645026,0.01661189999867929,0.025351899999805028,0.05023150000124588,0.012708800000837073
13,0.0074700000004668254,0.009455999999772757,0.01090710000062245,0.012704900000244379,0.016941699999733828,0.02702309999949648,0.05096930000217981,0.012413099997502286
14,0.008461599998554448,0.009368899998662528,0.012796800001524389,0.013196599997172598,0.017051799997716444,0.02490869999746792,0.05063280000103987,0.012483600003179163
15,0.007807400001183851,0.009216800001013326,0.012080000000423752,0.012780900000507245,0.016862200001924066,0.025022900001204107,0.048439300000609364,0.012563399999635294
16,0.007526400000642752,0.00934889999916777,0.013533400000596885,0.013214700000389712,0.016918599998462014,0.02543370000057621,0.04853509999884409,0.012451199996576179
17,0.007524799999373499,0.009403899999597343,0.012291400002141017,0.01284519999899203,0.016924999999901047,0.02526429999852553,0.05775229999926523,0.01288169999679667
18,0.0070666999999957625,0.009543699998175725,0.010685099998227088,0.01266820000091684,0.01656150000053458,0.024977299999591196,0.04854400000112946,0.014223399997717934
19,0.00731630000154837,0.00962729999810108,0.009895200000755722,0.01274560000092606,0.016990500000247266,0.025417400000151247,0.04807209999853512,0.014148999998724321
20,0.007409000001644017,0.009790899999643443,0.011589900001126807,0.012709099999483442,0.017130699998233467,0.02588119999927585,0.04891950000092038,0.012872300001617987
21,0.007253299998410512,0.009313899998232955,0.013608999997813953,0.012679399998887675,0.01668490000156453,0.024926699999923585,0.04786900000181049,0.012270300001546275
22,0.007498900002246955,0.010605600000417326,0.01025840000147582,0.015241700002661673,0.01678900000115391,0.02518690000215429,0.049610199999733595,0.012793699999747332
23,0.008007399999769405,0.009626300001400523,0.010229999999864958,0.012711299998045433,0.01689799999803654,0.02553749999788124,0.05145339999944554,0.012351000001217471
24,0.008060500000283355,0.009539399998175213,0.009730099998705555,0.012664399997447617,0.016848400002345443,0.024905199999921024,0.05717290000029607,0.01229800000146497
25,0.01326590000098804,0.009710499998618616,0.010459999997692648,0.012908400000014808,0.016751200000726385,0.025799900002311915,0.04825560000244877,0.012290300001041032
26,0.011274500000581611,0.00930779999907827,0.014088399999309331,0.01285949999873992,0.016776000000390923,0.024675999997270992,0.04907680000178516,0.012217700001201592
27,0.010323099999368424,0.009134600000834325,0.010612800000671996,0.013114000001223758,0.017030000002705492,0.02490169999873615,0.04843079999773181,0.012160400001448579
28,0.009097900001506787,0.009480400000029476,0.010252399999444606,0.01286709999840241,0.01702370000202791,0.0255180999993172,0.0505377999979828,0.012471599999116734
29,0.007673100000829436,0.01037709999945946,0.010417400000733323,0.0128112999991572,0.01941880000231322,0.025419900000997586,0.04945120000047609,0.012278400001378031
30,0.007711300000664778,0.009249100003216881,0.011367199997039279,0.012859099999332102,0.017106600000261096,0.025450000001001172,0.04920510000010836,0.01239019999775337
31,0.008122900002490496,0.009578400000464171,0.01319379999767989,0.01275539999915054,0.016916500000661472,0.02564429999983986,0.04737609999938286,0.01235140000062529
32,0.014887799999996787,0.00956890000088606,0.0131400999998732,0.012795999999070773,0.016956000003119698,0.025181000000884524,0.048930599998129765,0.01235110000197892
33,0.012432799998350674,0.00922780000109924,0.012446799999452196,0.012778100001014536,0.01677439999912167,0.02597299999979441,0.04891739999948186,0.012137900001107482
34,0.012248800001543714,0.009474399997998262,0.010497799998120172,0.01279160000194679,0.016836099999636644,0.025282000002334826,0.048652499997842824,0.012234899997565662
35,0.012327899999945657,0.009579400000802707,0.013827800001308788,0.0128645000004326,0.025811799998336937,0.02453629999945406,0.05049030000009225,0.012429800000973046
36,0.007565199997770833,0.009348900002805749,0.011276600002020132,0.012815000001864973,0.016769900001236238,0.025533399999403628,0.04999549999774899,0.011920000000827713
37,0.007351699998253025,0.009485300000960706,0.010833899999852292,0.012876799999503419,0.016749400001572212,0.024948999998741783,0.05137699999977485,0.013166400000045542
38,0.007662099997105543,0.009254900000087218,0.013836300000548363,0.012818700000934768,0.017792499998904532,0.025256400000216672,0.050885299999208655,0.012837300000683172
39,0.0072868999995989725,0.00884290000249166,0.01140809999924386,0.012956099999428261,0.018735300000116695,0.02587140000105137,0.046561999999539694,0.012602899998455541
40,0.00751950000267243,0.009417099998245249,0.011012599999958184,0.015718200000264915,0.01672379999945406,0.025737500000104774,0.048313399998733075,0.01311120000173105
41,0.007304099999601021,0.008888500000466593,0.010319400000298629,0.01785070000187261,0.016910500002268236,0.02431369999976596,0.04789359999995213,0.013137200003257021
42,0.00773509999999078,0.009279600002628285,0.010126900000614114,0.013634899998578476,0.016852799999469426,0.024348599999939324,0.048380899999756366,0.011898100001417333
43,0.007315700000617653,0.009422699997230666,0.010303000002750196,0.012872400002379436,0.01718110000001616,0.024166999999579275,0.0467121000001498,0.012481100002332823
44,0.008468600000924198,0.009371100000862498,0.010318399999960093,0.012699200000497513,0.016876500001671957,0.02511909999884665,0.04706090000036056,0.012661799999477807
45,0.007552600000053644,0.009354200003144797,0.010370500000135507,0.012846000001445645,0.016716999998607207,0.02549169999838341,0.04773100000238628,0.012501000001066132
46,0.008087700000032783,0.009240400002454408,0.012468199998693308,0.01273859999855631,0.016983600002276944,0.0261400000017602,0.05110019999847282,0.012105800000426825
47,0.007997999997314764,0.009367399998154724,0.011926899998798035,0.012785300001269206,0.016782299997430528,0.02415169999949285,0.04862259999936214,0.012569900001835776
48,0.00760680000166758,0.009400899998581735,0.010555500000918983,0.013387200000579469,0.017022500000166474,0.02471730000252137,0.05048490000262973,0.01275080000050366
49,0.010722499999246793,0.009372500000608852,0.013154199998098193,0.012833700002374826,0.016855200003192294,0.024603000001661712,0.04853220000222791,0.012731099999655271
50,0.007886100000177976,0.009290199999668403,0.01392909999776748,0.01331930000014836,0.016879499999049585,0.024624300000141375,0.048691199997847434,0.012279899998247856
51,0.007913699999335222,0.008931999997003004,0.012610699999640929,0.01288120000026538,0.016889599999558413,0.02465179999853717,0.04988249999951222,0.012913200000184588
52,0.007238999998662621,0.009175099999993108,0.011178800003108336,0.012776799998391652,0.017125599999417318,0.024595599999884143,0.048102799999469426,0.012780000000930158
53,0.007835099997464567,0.009062200002517784,0.010620900000503752,0.012888199998997152,0.017880999999761116,0.025195800000801682,0.048933300000499,0.012452899998606881
54,0.009449199998925906,0.00933679999798187,0.01036000000021886,0.013200299999880372,0.016683400001056725,0.024268599998322316,0.05020100000183447,0.012534199999208795
55,0.008379999999306165,0.009261100000003353,0.010508999999728985,0.012838100003136788,0.01666540000223904,0.023919499999465188,0.048836100002517924,0.012347799998678965
56,0.007475099999282975,0.009501000000454951,0.012245999998413026,0.013147699999535689,0.016836599999805912,0.024456899998767767,0.04940519999945536,0.01260290000209352
57,0.007507100002840161,0.009148900000582216,0.012463600000046426,0.012906800002383534,0.01668949999657343,0.024909699997806456,0.049917299998924136,0.012417099998856429
58,0.00806419999935315,0.009308400000008987,0.010608000000502216,0.01567780000186758,0.016864299999724608,0.024592800000391435,0.05046959999890532,0.012405400000716327
59,0.007992799997737166,0.010949200001050485,0.010797300001286203,0.012941400000272552,0.01685920000090846,0.02456059999894933,0.04939609999928507,0.01231720000214409
60,0.007146700001612771,0.017862500000774162,0.010542200001509627,0.012829100000089966,0.016969000000244705,0.024430999998003244,0.049274299999524374,0.012272999996639555
61,0.007616200000484241,0.012227600000187522,0.010540100000071106,0.012685900001088157,0.016960000000835862,0.024784400000498863,0.049835200003144564,0.012410800001816824
62,0.0073601999974926,0.008990399997856002,0.013505299997632392,0.012758100001519779,0.017051200000423705,0.024658800000906922,0.04795159999775933,0.01230310000028112
63,0.008095799999864539,0.009326499999588123,0.010915799997746944,0.0127189000013459,0.016663400001561968,0.02406850000261329,0.047621400000934955,0.012338399999862304
64,0.007994800002052216,0.009364099998492748,0.014048200002434896,0.012984000000869855,0.0169677000012598,0.024818400001095142,0.04659030000038911,0.012319100002059713
65,0.007946799996716436,0.009668599999713479,0.010547699999733595,0.013376099999732105,0.016864400000486057,0.02442749999681837,0.0480241000004753,0.012338500000623753
66,0.008041799999773502,0.009090399998967769,0.013910600002418505,0.012758999997458886,0.016749300000810763,0.02492329999950016,0.05056260000128532,0.012024699997709831
67,0.007260499998665182,0.009652000000642147,0.010834199998498661,0.012687900001765229,0.016891399998712586,0.02450210000097286,0.04984399999739253,0.012452399998437613
68,0.008864400002494222,0.009604400001990143,0.010780700002214871,0.0128813999981503,0.016903300002013566,0.02509210000062012,0.048611199999868404,0.012799800002539996
69,0.0076004000002285466,0.009444799998163944,0.01025849999859929,0.01272380000227713,0.01663610000105109,0.02516509999986738,0.049716400000761496,0.012289499998587416
70,0.007670300001336727,0.008511199997883523,0.012938399999256944,0.012824699999328004,0.01749049999853014,0.02388480000081472,0.0500173000000359,0.012584200001583667
71,0.007860100002289983,0.00970699999743374,0.010808200000610668,0.013040000001637964,0.017260800002986798,0.02422419999857084,0.05091069999980391,0.012490700002672384
72,0.007374099997832673,0.009093299999221927,0.010589299999992363,0.01314249999995809,0.0167159000011452,0.024067100002866937,0.04980760000034934,0.012575299999298295
73,0.007886400002462324,0.009631500000978122,0.013052700000116602,0.012707500001852168,0.016922400001931237,0.02530809999734629,0.053689799999119714,0.012607100001332583
74,0.008260300000983989,0.009725600000820123,0.009555299999192357,0.012798399999155663,0.017835400001786184,0.024138400000083493,0.05153040000004694,0.012227100000018254
75,0.00783660000161035,0.008977900000900263,0.01198379999914323,0.012783999998646323,0.016618800000287592,0.024979699999676086,0.049107099999673665,0.012454799998522503
76,0.007803799999237526,0.008725199997570598,0.010323699996661162,0.012984799999685492,0.016893600000912556,0.02483339999889722,0.048392500000773,0.012630600002012216
77,0.007760299999063136,0.008283999999548541,0.009830900002270937,0.012891600003058556,0.0168956999987131,0.024062399999820627,0.04900649999763118,0.011985600001935381
78,0.008261899998615263,0.009495499998593004,0.010348300002078759,0.012846599998738384,0.01689270000133547,0.02433750000272994,0.048393100001703715,0.01247509999666363
79,0.009045599999808474,0.009643400000641122,0.01038939999853028,0.013053700000455137,0.016981500000838423,0.02672529999836115,0.0486916999980167,0.012122300002374686
80,0.00752190000275732,0.0096174999998766,0.012272200001461897,0.012952099998074118,0.016673299996909918,0.024994999999762513,0.04947530000208644,0.01259609999760869
81,0.007972499999596039,0.009141499998804647,0.010378699997090735,0.013281200001074467,0.016684199999872362,0.02517019999868353,0.04934299999877112,0.012318400000367546
82,0.007266900000104215,0.008773699999437667,0.012781400000676513,0.01296860000002198,0.016795200001070043,0.02425500000026659,0.04673949999778415,0.012290700000448851
83,0.009572599999955855,0.009391100000357255,0.013159600002836669,0.013319699999556178,0.016736399997171247,0.025369799997861264,0.047870499998680316,0.012296599998080637
84,0.008333400000992697,0.009401499999512453,0.013947299998108065,0.01318139999784762,0.016577700000198092,0.0256292999983998,0.04916569999841158,0.012374800000543473
85,0.007689499998377869,0.00921569999991334,0.010679099999833852,0.012735600001178682,0.0166869000022416,0.025446299998293398,0.05224120000275434,0.01270220000151312
86,0.007413700001052348,0.008970700000645593,0.01105219999953988,0.012783400001353584,0.017048999998223735,0.0249614999993355,0.04931609999766806,0.012480299999879207
87,0.0076106999986222945,0.009346999999252148,0.012033399998472305,0.012983699998585507,0.016951800000242656,0.024280499997985316,0.05027920000065933,0.01257650000115973
88,0.008548300000256859,0.009483800000452902,0.013235899998107925,0.012723700001515681,0.017119299998739734,0.025043099998583784,0.049883300001965836,0.01228840000112541
89,0.008244200002081925,0.009449900000618072,0.010675999998056795,0.012867199999163859,0.016759199999796692,0.02575819999765372,0.052718999999342486,0.012504599999374477
90,0.007478299998183502,0.009309700002631871,0.012822799999412382,0.012717999998130836,0.016625299998850096,0.02495239999916521,0.05139640000197687,0.012453899998945417
91,0.007653100001334678,0.009374500001285924,0.014221499997802312,0.013782000001810957,0.017058800000086194,0.025256400000216672,0.05043650000152411,0.0124894000000495
92,0.00786060000245925,0.009699199999886332,0.010504300000320654,0.012892500002635643,0.01714670000001206,0.025359999999636784,0.049745600001187995,0.012393100001645507
93,0.008498799998051254,0.009512600001471583,0.010205700000369688,0.01344029999745544,0.016796800002339296,0.025169399999867892,0.049159800000779796,0.012227600000187522
94,0.007820499999070307,0.010203199999523349,0.010693600001104642,0.013146100001904415,0.0167431999980181,0.024014700000407174,0.04932270000062999,0.012587600002007093
95,0.007070200001180638,0.009539700000459561,0.012544599998363992,0.012671199998294469,0.016844099998706952,0.024965299999166746,0.051315900000190595,0.012309199999435805
96,0.007238599999254802,0.009333099998912076,0.012960300002305303,0.012621899997611763,0.01664600000003702,0.025261200000386452,0.04833819999839761,0.014010399998369394
97,0.00852600000143866,0.00951100000020233,0.010371599997597514,0.01289600000018254,0.01677719999861438,0.02499579999857815,0.049278700000286335,0.0129927999987558
98,0.00803999999698135,0.009466300001804484,0.012055300001520663,0.013176799999200739,0.01855269999941811,0.025059299998247297,0.04928549999749521,0.012452599999960512
99,0.008009400000446476,0.009366300000692718,0.012222699999256292,0.01271709999855375,0.017459700000472367,0.025418400000489783,0.048654899997927714,0.012088600000424776
100,0.007832800001779106,0.00949160000163829,0.01403290000234847,0.012783299996954156,0.01694320000024163,0.02583750000121654,0.04848470000069938,0.012075499998900341
101,0.01073299999916344,0.009284499999921536,0.011182399997778703,0.012732399998640176,0.016853699999046512,0.02537750000192318,0.048847800000658026,0.012016799999400973
102,0.011999199999991106,0.008025700000871439,0.010123099997144891,0.012759099998220336,0.01682029999938095,0.025098900001466973,0.04656819999945583,0.012338700002146652
103,0.010891300000366755,0.009562200000800658,0.00992200000109733,0.01287689999662689,0.01709330000085174,0.024934699998993892,0.04806519999692682,0.012233599998580758
104,0.00819009999759146,0.009531100000458537,0.011066099999879953,0.012935400001879316,0.016825900002004346,0.025631099997553974,0.048334899998735636,0.012320699999690987
105,0.009228800001437776,0.009369399998831796,0.011193599999387516,0.013643700000102399,0.01669199999741977,0.025091100000281585,0.04920259999926202,0.012112500000512227
106,0.008611600002041087,0.009400200000527548,0.013330399997357745,0.013032599999860395,0.017108799998823088,0.025234200002159923,0.05040780000126688,0.012284300002647797
107,0.00835430000006454,0.00947470000028261,0.010290899997926317,0.012762400001520291,0.016828600000735605,0.025637400001869537,0.053428399998665554,0.012258799997653114
108,0.0074174999972456135,0.009284800002205884,0.01382490000105463,0.013092799999867566,0.016845099999045487,0.02568059999975958,0.053353699997387594,0.012398500002746005
109,0.007925399997475324,0.009332300000096438,0.012699300001258962,0.014451399998506531,0.016881399998965207,0.025538599998981226,0.04884950000268873,0.012308199999097269
110,0.008238500002335059,0.009488799998507602,0.012683299999480369,0.013021099999605212,0.01670889999877545,0.025664299999334617,0.04885469999862835,0.01238799999919138
111,0.008733900001971051,0.008950900002673734,0.011713699997926597,0.013059300003078533,0.01685619999989285,0.0253244999985327,0.04798010000013164,0.012321700000029523
112,0.007787399998051114,0.009134500000072876,0.013054099999862956,0.013034700001298916,0.016812599998957012,0.025481499997113133,0.05206950000138022,0.012606500000401866
113,0.00804710000011255,0.009408500001882203,0.013078699998004595,0.01285949999873992,0.016913300001760945,0.025275199997849995,0.04897999999957392,0.01216549999662675
114,0.007342500000959262,0.009478200001467485,0.01371120000112569,0.01426309999806108,0.01677180000115186,0.024695100000826642,0.05042420000245329,0.012463699997169897
115,0.008034599999518832,0.009464300001127413,0.013767700002063066,0.01411050000024261,0.016790399997262284,0.024841800001013326,0.04975840000042808,0.012520599997515092
116,0.008554200001526624,0.009451300000364427,0.013252000000647968,0.01396260000183247,0.016973000001598848,0.024634299999888754,0.050849399998696754,0.012862599996878998
117,0.007360900002822746,0.009430699999938952,0.013672999997652369,0.014475100000709062,0.017257099996641045,0.02392129999861936,0.04992589999892516,0.012557300000480609
118,0.0073802000006253365,0.009548199999699136,0.010654899997462053,0.014914200000930578,0.016930000001593726,0.024549599998863414,0.048795299997436814,0.012285600001632702
119,0.007653299999219598,0.00940439999976661,0.010348700001486577,0.012973500000953209,0.016782099999545608,0.026382500000181608,0.04861520000122255,0.012530799998785369
120,0.007803799999237526,0.009303999999247026,0.010644999998476123,0.01289109999925131,0.016933399998379173,0.02405939999880502,0.04978090000076918,0.012302899998758221
121,0.007794999997713603,0.00965619999988121,0.013625799998408183,0.012834799999836832,0.016753100000642007,0.02483869999923627,0.0490959999988263,0.012236700000357814
122,0.008080899999185931,0.009505899997748202,0.013986599999043392,0.012791000001016073,0.01677959999869927,0.024292099999001948,0.047021499998663785,0.01244080000105896
123,0.007428299999446608,0.009358100000099512,0.01390460000038729,0.012685900001088157,0.017278299997997237,0.024343999997654464,0.04995720000079018,0.012753699997119838
124,0.00788740000280086,0.009795800000574673,0.013499500000762055,0.01430880000043544,0.016785199997684686,0.02518180000333814,0.04893409999931464,0.012432700001227204
125,0.009137199998804135,0.00951589999749558,0.011568199999601347,0.01298540000061621,0.01695800000015879,0.025239200000214623,0.049912300000869436,0.012541899999632733
126,0.008559399997466244,0.009296899999753805,0.009859900001174537,0.012896500000351807,0.017026400000759168,0.02603129999988596,0.051277699996717274,0.012510799999290612
127,0.007286399999429705,0.009458299999096198,0.012681899999734014,0.012839099999837345,0.016775099997175857,0.02463239999997313,0.05009930000232998,0.012423200001649093
128,0.007550800000899471,0.009473199999774806,0.012879499998234678,0.012666200000239769,0.017005100002279505,0.025182699999277247,0.04925290000028326,0.012923099999170518
129,0.007462900000973605,0.009412799998244736,0.01349570000093081,0.012851600000431063,0.016867900001670932,0.0256584999988263,0.05071189999944181,0.01248239999767975
130,0.007869699998991564,0.00942649999706191,0.011553899999853456,0.013037199998507276,0.017046500001015374,0.02463050000005751,0.05124010000145063,0.012618199998541968
131,0.008553700001357356,0.009584200000972487,0.014144799999485258,0.013126599998940947,0.0168904999991355,0.024111699996865354,0.05129300000044168,0.012401299998600734
132,0.007675100001506507,0.009417600002052495,0.011403900000004796,0.012690799998381408,0.016889300000912044,0.02490889999899082,0.050688800001807977,0.012375100002827821
133,0.008424299998296192,0.009640999996918254,0.010389600000053179,0.01288869999916642,0.016909099998883903,0.02523780000046827,0.05278850000104285,0.012300800000957679
134,0.0073505000000295695,0.00973610000073677,0.010595200001262128,0.015642900001694215,0.016888400001334958,0.025740200002474012,0.05050629999823286,0.012951000000612112
135,0.008319399999891175,0.008330099997692741,0.013198099997680401,0.013008599999011494,0.016890800001419848,0.02439589999994496,0.04870479999954114,0.012440100003004773
136,0.008137599998008227,0.009686699999292614,0.011668300001474563,0.012748500001180219,0.017142699998657918,0.02484609999737586,0.04953929999828688,0.012731599999824539
137,0.008960399998613866,0.009182900001178496,0.010657900002115639,0.012735000000247965,0.017009800001687836,0.025289099998190068,0.051383900001383154,0.012466299998777686
138,0.007779999999911524,0.00900520000141114,0.013883300001907628,0.012765899999067187,0.01679399999920861,0.02505830000154674,0.05640080000011949,0.012937200001033489
139,0.0072672999995120335,0.008900500000891043,0.01149000000077649,0.012794800000847317,0.016750999999203486,0.024800699997285847,0.049155699998664204,0.012466699998185504
140,0.008176899998943554,0.009607299998606322,0.010340500000893371,0.012796300001355121,0.016642899998259963,0.025582999998732703,0.05010949999996228,0.012303900002734736
141,0.011594799998420058,0.009477899999183137,0.011265700002695667,0.01274100000227918,0.01682789999904344,0.024276099997223355,0.04796830000123009,0.012034100000164472
142,0.010214099998847814,0.009471199999097735,0.013419999999314314,0.012838999999075895,0.016788199998700293,0.025144300001556985,0.04816760000176146,0.012077300001692493
143,0.011227000002691057,0.009480899996560765,0.013999599999806378,0.012759199998981785,0.01686619999964023,0.025611699998989934,0.04917829999976675,0.012245900001289556
144,0.008295899999211542,0.009210399999574292,0.012045899999066023,0.012658399999054382,0.016944800001510885,0.02419219999865163,0.04931550000037532,0.012459300000045914
145,0.007578699998703087,0.009775499998795567,0.011501799999678042,0.012688100003288127,0.01672600000165403,0.025248199999623466,0.046709499998542015,0.012382400000205962
146,0.007395900000119582,0.009385800000018207,0.011193199999979697,0.012848600003053434,0.017056400000001304,0.0251771999974153,0.053012200001830934,0.01238540000122157
147,0.00871480000205338,0.009356500002468238,0.01072299999941606,0.01347639999949024,0.01675969999996596,0.02539460000116378,0.04751799999939976,0.01408639999863226
148,0.010633099998813123,0.009479700001975289,0.012498600000981241,0.012838599999668077,0.01748070000030566,0.025562999999237945,0.04898280000270461,0.013844799999787938
149,0.008689500002219575,0.009414099997229641,0.01170769999953336,0.012749699999403674,0.017191700000694254,0.025623400000768015,0.04945660000157659,0.012889400000858586
150,0.008220900002925191,0.008140099998854566,0.00991499999872758,0.012718300000415184,0.016694999998435378,0.025974600001063664,0.0522333000008075,0.012598699999216478
151,0.010228000002825866,0.009398999998666113,0.011326999996526865,0.012732400002278155,0.016696300001058262,0.02520820000063395,0.04899510000177543,0.01285210000060033
152,0.009355499998491723,0.008582499998738058,0.012293799998587929,0.012756399999489076,0.01694320000024163,0.024169799999071984,0.0491784000005282,0.012403600001562154
153,0.007807199999660952,0.009529300001304364,0.010388799997599563,0.01276270000016666,0.01683680000132881,0.025519599999825004,0.04990459999680752,0.012096599999495083
154,0.008178100000804989,0.009263299998565344,0.010316399999283021,0.012802100001863437,0.01721209999959683,0.025615700000344077,0.048535500001889886,0.010999699999956647
155,0.007444900002155919,0.009544000000460073,0.011873399998876266,0.013215499999205349,0.018089199998939876,0.025350799998705043,0.050822599998355145,0.012292499999603024
156,0.008522000000084518,0.009284499999921536,0.01333590000285767,0.01331930000014836,0.01968240000132937,0.02523029999792925,0.04862359999970067,0.012263900000107242
157,0.010554000000411179,0.00925439999991795,0.010449199999129632,0.012909599998238264,0.017184100001031766,0.02570170000035432,0.050377499999740394,0.012323499999183696
158,0.011181199999555247,0.009468399999605026,0.01083469999866793,0.012964700003067264,0.016784499999630498,0.025506699999823468,0.049546900001587346,0.012459599998692283
159,0.01055629999973462,0.009343100002297433,0.011151700000482379,0.013398400002188282,0.016567300001042895,0.02565840000170283,0.04894849999982398,0.012192900001537055
160,0.010575199998129392,0.009381799998664064,0.010687899997719796,0.012970399999176152,0.01662440000291099,0.02479200000016135,0.04998129999876255,0.01253759999963222
161,0.011141800001496449,0.008844300002238015,0.010167600001295796,0.012808399998903042,0.017651599999226164,0.024839999998221174,0.049295799999526935,0.01235409999935655
162,0.010646400001860457,0.009537000001728302,0.010112299998581875,0.013562699998146854,0.017036000001098728,0.025378800000908086,0.04837450000195531,0.012100500000087777
163,0.010953299999528099,0.009456799998588394,0.009960700001101941,0.012940100001287647,0.017327199999272125,0.026848900000914,0.054628099998808466,0.01212390000000596
164,0.010223999997833744,0.00942880000002333,0.012337100000877399,0.013279800001328113,0.016918799999984913,0.026949400002195034,0.05310650000319583,0.012165300002379809
165,0.009105799999815645,0.009257500001695007,0.010964599998260383,0.017513099999632686,0.01679370000056224,0.026251899998896988,0.050955300001078285,0.012394599998515332
166,0.00798650000069756,0.009333999998489162,0.01035799999954179,0.013030199999775505,0.016825899998366367,0.02446100000088336,0.04949789999955101,0.012408599999616854
167,0.0073308999999426305,0.0094721000023128,0.013794999998935964,0.012884399999165908,0.016924800002016127,0.02464259999760543,0.04876430000149412,0.01206810000076075
168,0.009441300000617048,0.009315200000855839,0.01367509999909089,0.012649300002522068,0.0168030999993789,0.02621269999872311,0.05276840000078664,0.01225949999934528
169,0.008817499998258427,0.008846100001392188,0.01147819999823696,0.013264799999888055,0.017200700000103097,0.025234299999283394,0.05112829999779933,0.012326100000791484
170,0.008541400002286537,0.00949630000104662,0.010782900000776863,0.01339209999787272,0.016751499999372754,0.025499400002445327,0.04941280000275583,0.012245400001120288
171,0.008178699998097727,0.009521899999526795,0.010387500002252636,0.012899900000775233,0.016615799999271985,0.02538780000031693,0.0504320000000007,0.012207700001454214
172,0.00844399999914458,0.008847299999615643,0.013335899999219691,0.013313399998878594,0.016778199998952914,0.024355699999432545,0.050689100000454346,0.012334299997746712
173,0.008336800001416123,0.00917939999999362,0.01087079999706475,0.01291519999722368,0.016630300000542775,0.02556919999915408,0.05256849999932456,0.012422700001479825
174,0.008104599997750483,0.009410899998329114,0.01085130000137724,0.012845400000514928,0.016833699999551754,0.02548400000159745,0.049433200001658406,0.012410800001816824
175,0.007655699999304488,0.00960309999936726,0.01399440000022878,0.01268049999998766,0.016824199999973644,0.025921100001141895,0.051792000002024,0.013309399997524451
176,0.007927700000436744,0.00918890000320971,0.00997290000304929,0.01300249999985681,0.01693119999981718,0.025949799997761147,0.0492019999983313,0.01297329999943031
177,0.009091200001421385,0.009195399998134235,0.01068449999729637,0.012834700002713362,0.016644300001644297,0.025569800000084797,0.04964119999931427,0.012697999998636078
178,0.007331100001465529,0.00934899999992922,0.009790699998120544,0.013332400001672795,0.016806100000394508,0.025986599997850135,0.0496065000006638,0.01216529999874183
179,0.00905869999769493,0.008211299998947652,0.009504500001639826,0.012949699997989228,0.017351599999528844,0.025892899997415952,0.04827640000075917,0.012132700001529884
180,0.0076042999971832614,0.009347200000775047,0.010137099998246413,0.013003600000956794,0.016643099999782862,0.02575780000188388,0.04901169999720878,0.011956099999224534
181,0.007697000000916887,0.009459599998081103,0.009511600001133047,0.012922199999593431,0.016686599999957252,0.025768999999854714,0.053843900001083966,0.012359000000287779
182,0.008470200002193451,0.009568500001478242,0.010717600001953542,0.012850999999500345,0.016676600000209874,0.024771600001258776,0.04844600000069477,0.01215329999831738
183,0.008355499998287996,0.009513999997579958,0.01376430000163964,0.014164200001687277,0.016807100000733044,0.02512369999749353,0.04849830000239308,0.01190630000201054
184,0.008589699998992728,0.009574800002155825,0.012790799999493174,0.013144300002750242,0.017529899996588938,0.025406299999303883,0.05138760000045295,0.012637200001336168
185,0.007530099999712547,0.009383800002979115,0.010094999997818377,0.014073600003030151,0.01687350000065635,0.025754800000868272,0.04967239999677986,0.012058199998136843
186,0.008312300000397954,0.009188799998810282,0.010749299999588402,0.012744100000418257,0.017023899999912828,0.025653199998487253,0.05015300000013667,0.01239749999876949
187,0.009242799998901319,0.009292500002629822,0.009774100002687192,0.021548400000028778,0.016678699998010416,0.025502099997538608,0.0518398000021989,0.01211650000186637
188,0.007645999998203479,0.008905299997422844,0.01095319999876665,0.016454199998406693,0.01715170000170474,0.025594200000341516,0.05126009999730741,0.012328200002230005
189,0.00828660000115633,0.009378200000355719,0.013661400000273716,0.021239600002445513,0.01665330000105314,0.024718100001337007,0.0494183000009798,0.012627500000235159
190,0.0088383000002068,0.009073600002011517,0.013670900003489805,0.013034300001891097,0.016744299999118084,0.025129500001639826,0.053094300001248484,0.012197600000945386
191,0.008283700000902172,0.009410200000274926,0.013261799998872448,0.012906500000099186,0.017043300002114847,0.025661300001956988,0.0499643000002834,0.012048199998389464
192,0.007743799997115275,0.009594499999366235,0.013150700000551296,0.01277739999932237,0.01671609999903012,0.02487939999991795,0.04743410000082804,0.012067099996784236
193,0.0082406000001356,0.009371599997393787,0.010854799998924136,0.01791589999993448,0.01717089999874588,0.02433530000052997,0.051008300000830786,0.01244800000131363
194,0.00807840000197757,0.009474999998928979,0.012306799999350915,0.015996099999028957,0.016938099997787504,0.025011499998072395,0.049607500001002336,0.012325799998507136
195,0.00822409999818774,0.009398999998666113,0.012325899999268586,0.012848500002291985,0.016775200001575286,0.024801399998978013,0.05176290000235895,0.012434300002496457
196,0.009090700001252117,0.009303200000431389,0.013044399998761946,0.012788600000931183,0.01669899999978952,0.024612599998363294,0.05200260000128765,0.012485000002925517
197,0.007389499998680549,0.009488600000622682,0.012801900000340538,0.012949600000865757,0.01737430000139284,0.026772299999720417,0.0506015999999363,0.012471200003346894
198,0.007226800000353251,0.009351300002890639,0.013688000002730405,0.012726900000416208,0.0166047000020626,0.027142999999341555,0.05114129999856232,0.01214579999941634
199,0.008009699999092845,0.0096704999996291,0.011338599997543497,0.012738299999909941,0.016876200003025588,0.02525009999953909,0.048414799999591196,0.012093599998479476
200,0.0075027000020782,0.009092899999814108,0.014017699999385513,0.012832100001105573,0.01689059999989695,0.025466800001595402,0.04947370000081719,0.011955599999055266
201,0.007961600000271574,0.00942130000112229,0.013526700000511482,0.012703000000328757,0.016787500000646105,0.02405440000075032,0.04681440000058501,0.012292100000195205
202,0.008311400000820868,0.009475300001213327,0.014081199999054661,0.013246999998955289,0.016724799999792594,0.024587899999460205,0.047773999998753425,0.012474499999370892
203,0.007331600001634797,0.009600800000043819,0.010465799998200964,0.012790400000085356,0.016765899999882095,0.025337800001580035,0.04947159999937867,0.012112499996874249
204,0.008186600000044564,0.009390999999595806,0.010663299999578157,0.013326100000995211,0.017528399999719113,0.024510999999620253,0.04823460000261548,0.012452099999791244
205,0.008835399999952642,0.009368799997901078,0.010773300000437303,0.012865900000178954,0.01690740000049118,0.025103200001467485,0.04920250000213855,0.012223999998241197
206,0.008716899999853922,0.009441599999263417,0.01362879999942379,0.01274560000092606,0.016758100002334686,0.025228899998182897,0.048366799997893395,0.012306999997235835
207,0.00858910000169999,0.009231700001691934,0.013620099998661317,0.014446299999690382,0.017022799998812843,0.025114799998846138,0.04800460000114981,0.012492900001234375
208,0.007819399997970322,0.009271700000681449,0.01242659999843454,0.015774599996802863,0.016739300001063384,0.02551300000050105,0.054536299998289905,0.012825199999497272
209,0.008245299999543931,0.009416700002475409,0.011748599998099962,0.012945499998750165,0.01707870000245748,0.025378899998031557,0.04901650000101654,0.012640799999644514
210,0.008252299998275703,0.008931399999710266,0.011542899999767542,0.012832399999751942,0.01662450000003446,0.025042299999768147,0.05024699999921722,0.012172800001280848
211,0.010821399999258574,0.009263099997042445,0.01114400000005844,0.01304570000138483,0.01696069999889005,0.02455039999767905,0.04938179999953718,0.012164100000518374
212,0.008479399999487214,0.009499700001470046,0.010621100002026651,0.013071999997919193,0.0166728999975021,0.02497840000069118,0.05082669999683276,0.012197100000776118
213,0.007267699998919852,0.009147300002950942,0.01042080000115675,0.01280620000034105,0.01895929999955115,0.024591099998360733,0.0492893999980879,0.012331199999607634
214,0.00804710000011255,0.009266000000934582,0.010526699999900302,0.01367970000137575,0.019141600001603365,0.024510700000973884,0.04920000000129221,0.012291899998672307
215,0.009098700000322424,0.009768600000825245,0.010212700002739439,0.01279409999915515,0.01673309999750927,0.024287100000947248,0.050897000000986736,0.01224730000103591
216,0.009840300001087599,0.009425500000361353,0.010351000000810018,0.012652800000068964,0.016753300002164906,0.024570800000219606,0.04957719999947585,0.012357899999187794
217,0.009417400000529597,0.009463200000027427,0.01062159999855794,0.012890300000435673,0.016758199999458157,0.02558349999890197,0.05066199999782839,0.012834599998313934
218,0.008795800000370946,0.009478500000113854,0.01096509999842965,0.012998600002902094,0.016754199998104014,0.024920299998484552,0.05023649999930058,0.012230199998157332
219,0.008051100001466693,0.009479899999860208,0.010480000000825385,0.012848800000938354,0.016876899997441797,0.024805599998217076,0.049900999998499174,0.012410499999532476
220,0.00757290000183275,0.009263299998565344,0.01009630000044126,0.012891899998066947,0.01673809999920195,0.024273400002130074,0.050565500001539476,0.012453499999537598
221,0.007441300000209594,0.009551399998599663,0.010393499997007893,0.012758100001519779,0.016656799998600036,0.024764000001596287,0.04732250000233762,0.011658399998850655
222,0.007227399997645989,0.009400300001288997,0.013172799997846596,0.012662199998885626,0.016823699999804376,0.02495170000111102,0.059324200003175065,0.012055600000167033
223,0.00848509999923408,0.009425200001714984,0.011882300001161639,0.013301399998454144,0.016785700001491932,0.02468330000192509,0.05185220000203117,0.012230700001964578
224,0.009763599999132566,0.009436300002562348,0.010848199999600183,0.012932499997987179,0.016892299998289673,0.025062199998501455,0.04784469999867724,0.012154899999586632
225,0.008070500000030734,0.009496099999523722,0.013599400001112372,0.013437499997962732,0.016900799997529248,0.025381800001923693,0.04983619999984512,0.01264900000023772
226,0.00827710000157822,0.009566400000039721,0.013351499997952487,0.012838799997552997,0.01679560000047786,0.025639699997555,0.04937659999995958,0.01224500000171247
227,0.007476599999790778,0.009722399998281617,0.010872500002733432,0.013014199997996911,0.0166609999978391,0.02563219999865396,0.04993499999909545,0.011989299997367198
228,0.008650200001284247,0.009350700001959922,0.010208899999270216,0.012674800000240793,0.0174829999996291,0.02480739999737125,0.05038300000160234,0.012052400001266506
229,0.009099499999138061,0.009667999998782761,0.013069399999949383,0.01289360000009765,0.016971699998975964,0.025380899998708628,0.04870619999928749,0.012146899996878346
230,0.007648400001926348,0.009529999999358552,0.01067739999780315,0.012781399997038534,0.01670630000080564,0.025164599999698112,0.05188020000059623,0.01220130000001518
231,0.00745929999902728,0.009458499996981118,0.010496499999135267,0.012722499999654246,0.016596800000115763,0.024744599999394268,0.049273500000708736,0.01220850000026985
232,0.00780510000186041,0.008189200001652353,0.012447299999621464,0.012855099997977959,0.017082400001527276,0.024989100002130726,0.050815399998100474,0.011847499998111743
233,0.008400700000493089,0.008942000000388362,0.01061439999830327,0.013085700000374345,0.01678140000149142,0.02525499999683234,0.05242569999973057,0.012316299998929026
234,0.007790299998305272,0.009118000001762994,0.010573699997621588,0.012904500003060093,0.016710299998521805,0.02425270000094315,0.048414799999591196,0.012376599999697646
235,0.00780529999974533,0.009445199997571763,0.012272799998754635,0.01278470000033849,0.017000200001348276,0.02506550000180141,0.0490721999995003,0.01206839999940712
236,0.007591299996420275,0.009398499998496845,0.010392299998784438,0.01285970000026282,0.01670699999885983,0.025288900000305148,0.048807299997861264,0.012267800000699935
237,0.008456399998976849,0.009334099999250611,0.01293440000154078,0.012874300002295058,0.016675999999279156,0.02554519999830518,0.051134500001353445,0.012148699999670498
238,0.008056599999690661,0.009600400000636,0.010083900000608992,0.012994400000025053,0.016650300000037532,0.025342999997519655,0.04905240000152844,0.01161830000273767
239,0.007593199999973876,0.009483099998760736,0.010497200000827434,0.013280700000905199,0.016783099999884143,0.024349299997993512,0.05005929999970249,0.012354000002233079
240,0.007604899998113979,0.009538900001643924,0.010574200001428835,0.012644799997360678,0.01681029999963357,0.02419229999941308,0.0499699000029068,0.01206340000135242
241,0.008163900001818547,0.00969029999760096,0.010465399998793146,0.01288619999832008,0.016809799999464303,0.02495189999899594,0.050975099999050144,0.012153700001363177
242,0.010642299999744864,0.009591000001819339,0.01161119999960647,0.012931000001117354,0.017017499998473795,0.02563680000093882,0.051107700001011835,0.012231299999257317
243,0.008120100002997788,0.009575800002494361,0.010825099998328369,0.0129345999994257,0.01684229999955278,0.02506820000053267,0.048480099998414516,0.012370500000542961
244,0.00798160000340431,0.009140000001934823,0.013158800000383053,0.02171950000047218,0.017009999999572756,0.024273799997899914,0.04910089999975753,0.012514699999883305
245,0.007692000002862187,0.009451599999010796,0.010367099999712082,0.013303299998369766,0.016662599999108352,0.024875700000848155,0.04934530000173254,0.012410999999701744
246,0.007409099998767488,0.009276099997805431,0.010547900001256494,0.02359230000001844,0.01654449999841745,0.024767700000666082,0.049660600001516286,0.012372799999866402
247,0.007806600002368214,0.009455100000195671,0.012935099999594968,0.01279160000194679,0.01678619999802322,0.02504640000188374,0.04875259999971604,0.012498200001573423
248,0.010869400000956375,0.009474300000874791,0.013024399999267189,0.013305100001161918,0.016840299998875707,0.024975100001029205,0.04861689999961527,0.012570999999297783
249,0.01124320000235457,0.009316499999840744,0.010906100000283914,0.013710800001717871,0.01683049999701325,0.025220100000296952,0.047970299998269184,0.012348699998256052
250,0.011277900001005037,0.00960779999877559,0.011382400000002235,0.02136619999873801,0.016806899999210145,0.025499499999568798,0.051671500001248205,0.012541699998109834
251,0.010672899999917718,0.009444600000279024,0.010774900001706555,0.013334100000065519,0.016920799997024005,0.02386800000022049,0.04887080000116839,0.012327500000537839
252,0.011937499999476131,0.009355999998660991,0.010871399997995468,0.012917700001707999,0.016737499998271232,0.024154800001269905,0.04833460000008927,0.012412399999448098
253,0.011288800000329502,0.009436799999093637,0.010833799999090843,0.01270970000041416,0.016845199999806937,0.02386130000013509,0.05022399999870686,0.0123368999993545
254,0.01006000000052154,0.00950360000206274,0.012553999997180654,0.012869400001363829,0.016680799999448936,0.024404600000707433,0.04927800000223215,0.012907399999676272
255,0.008205699999962235,0.009274600000935607,0.013028299999859883,0.012785399998392677,0.016961000001174398,0.025559700003213948,0.04866820000097505,0.013089199997921241
256,0.008183600002666935,0.009038700001838151,0.010633900001266738,0.012909299999591894,0.016949099997873418,0.025130499998340383,0.04948020000301767,0.01283549999789102
257,0.008100900002318667,0.009255900000425754,0.010763899997982662,0.013078699998004595,0.016774700001406018,0.025001199999678647,0.05253240000092774,0.01234439999825554
258,0.010803900000610156,0.009313900001870934,0.012973900000361027,0.015783300001203315,0.01679130000047735,0.02495959999941988,0.04915160000018659,0.012411600000632461
259,0.010894499999267282,0.009443899998586858,0.009719699999550357,0.014695199999550823,0.01663900000130525,0.025228300000890158,0.04687510000076145,0.012379700001474703
260,0.008778800001891796,0.00933440000153496,0.012364399997750297,0.0207111999989138,0.01681770000141114,0.025020400000357768,0.0487500999988697,0.012370399999781512
261,0.008174400001735194,0.009299099998315796,0.013743899999099085,0.015728200000012293,0.016691599998011952,0.02514379999774974,0.05059659999824362,0.0122497000011208
262,0.008923800000047777,0.008837600002152612,0.010664899997209432,0.013145900000381516,0.01681280000047991,0.025631599997723242,0.04785229999833973,0.01253290000022389
263,0.009867200002190657,0.008869100001902552,0.010116299999936018,0.01299730000027921,0.01686340000014752,0.025115199998253956,0.051216600000770995,0.012401100000715815
264,0.008155199997418094,0.009272200000850717,0.011980800001765601,0.012671299999055918,0.016576800000621006,0.025498200000583893,0.04893479999736883,0.012426700002833968
265,0.007892099998571211,0.009384500001033302,0.010765700000774814,0.013098199997330084,0.01710129999992205,0.023919600000226637,0.051966999999422114,0.012617899999895599
266,0.00814179999724729,0.009465999999520136,0.012908100001368439,0.01282329999958165,0.016814700000395533,0.02450910000334261,0.050885399999970105,0.012239100000442704
267,0.008238099999289261,0.009249300001101801,0.013705800000025192,0.01275040000109584,0.016862000000401167,0.025091100000281585,0.05127379999976256,0.012337300002400298
268,0.0073601999974926,0.009028999997099163,0.010990300001139985,0.012822599997889483,0.016649899996991735,0.025316100000054576,0.049706999998306856,0.012431199997081421
269,0.007557900000392692,0.009685099998023361,0.01048850000006496,0.012836999998398824,0.016613399999187095,0.024757099999987986,0.0497706999994989,0.01264660000015283
270,0.007622400000400376,0.009374400000524474,0.00991520000025048,0.012669700001424644,0.016601800001808442,0.024915499998314772,0.050563100001454586,0.012438700003258418
271,0.0075490000017452985,0.00943349999943166,0.013446900000417372,0.013664999998582061,0.016765200001827907,0.024606799997854978,0.053089400000317255,0.012255900001036935
272,0.007773699999233941,0.009545799999614246,0.011300600002869032,0.012908200002129888,0.018377699998382013,0.02493490000051679,0.04918340000222088,0.012372300003335113
273,0.007623499997862382,0.008508999999321532,0.010978300000715535,0.012804799996956717,0.017253700003493577,0.025775699999940116,0.05088109999996959,0.012236399998073466
274,0.007418500001222128,0.009416299999429611,0.014194000003044493,0.012843500000599306,0.017361199999868404,0.025236199999199016,0.048753799997939495,0.012438300000212621
275,0.00765750000209664,0.009355799997138092,0.011560700000700308,0.012926700001116842,0.016693400000804104,0.025228599999536527,0.053196100001514424,0.012180100002296967
276,0.009175800001685275,0.009412800001882715,0.012686400001257425,0.01277979999940726,0.016702900000382215,0.027623999998468207,0.050667499999690335,0.012086999999155523
277,0.00886030000037863,0.009553299998515286,0.013446500001009554,0.012803099998563994,0.016847799997776747,0.025393399999302346,0.0498394999995071,0.011963900000409922
278,0.007735999999567866,0.009436200001800898,0.013290999999298947,0.012789999997039558,0.016911500002606772,0.025474199999734992,0.04918059999909019,0.012243299999681767
279,0.007799700000759913,0.009272299997974187,0.013984199998958502,0.01285670000288519,0.016617700002825586,0.0250679000018863,0.046961099997133715,0.011619199998676777
280,0.00743019999936223,0.009418300000106683,0.012013999999908265,0.012870599999587284,0.01663360000020475,0.025457099996856414,0.049269200000708224,0.012626399999135174
281,0.007968199999595527,0.009495300000708085,0.01126740000108839,0.013060999997833278,0.016933099999732804,0.025887100000545615,0.05394489999889629,0.012200400000438094
282,0.008102399999188492,0.00927130000127363,0.013574799999332754,0.013555400000768714,0.016782300001068506,0.02568319999772939,0.05022520000056829,0.012362800000119023
283,0.009805699999560602,0.009327899999334477,0.01320069999928819,0.012993000000278698,0.01682470000014291,0.025874599999951897,0.05124760000035167,0.012164200001279823
284,0.008535299999493873,0.009469300002820091,0.010690899998735404,0.013046600000961917,0.017554199999722186,0.02543140000125277,0.048391000000265194,0.012124500000936678
285,0.007513100001233397,0.009663099997851532,0.012203400001453701,0.012732800001685973,0.01664399999935995,0.02550839999821619,0.0496409000006679,0.012062099998729536
286,0.008825699998851633,0.009415699998498894,0.012780799999745796,0.01282790000186651,0.016636099997413112,0.02526880000004894,0.050416199999745004,0.012168299999757437
287,0.007992400001967326,0.009323800000856863,0.010595899999316316,0.013009999998757849,0.016806999999971595,0.025465700000495417,0.04960379999829456,0.012232199998834403
288,0.0073118000000249594,0.009329900000011548,0.010917700001300545,0.013058399999863468,0.016933099999732804,0.02581310000095982,0.04956579999998212,0.01211680000051274
289,0.00774729999830015,0.009253500000340864,0.011474599999928614,0.01719270000103279,0.016746500001318054,0.025567500000761356,0.05032540000320296,0.012452499999199063
290,0.007789800001773983,0.009371200001623947,0.011229800002183765,0.016501400001288857,0.016712399999960326,0.025645199999416946,0.05073339999944437,0.01230760000180453
291,0.008235400000558002,0.00976970000192523,0.012301800001296215,0.014094099999056198,0.016695199999958277,0.025009699998918222,0.04802980000022217,0.012264500001037959
292,0.008440499997959705,0.009438699999009259,0.010945099998934893,0.014094100002694177,0.016741299998102477,0.0254531999999017,0.04947289999836357,0.012117900001612725
293,0.007781500000419328,0.009420200000022305,0.010910299999522977,0.012804600002709776,0.016944699997111456,0.025572999998985324,0.051693100002012216,0.012195700001029763
294,0.007482899996830383,0.009321300000010524,0.010639899999659974,0.012761599999066675,0.01675489999979618,0.02563410000220756,0.0489367999980459,0.01228859999901033
295,0.007878100001107669,0.009035800001583993,0.01034829999844078,0.012863399999332614,0.01669659999970463,0.02537759999904665,0.048913100003119325,0.012265499997738516
296,0.008972899999207584,0.009138800000073388,0.010140700000192737,0.01273629999923287,0.01704530000279192,0.024834100000589387,0.051509500000975095,0.012342699999862816
297,0.007823299998563016,0.009287300003052223,0.011493899997731205,0.013073799997073365,0.016708499999367632,0.025025799997820286,0.050052700000378536,0.012412699998094467
298,0.008012300000700634,0.009468699998251395,0.010639599997375626,0.012790400000085356,0.01670200000080513,0.025231199997506337,0.04903040000135661,0.012315500000113389
299,0.008336599999893224,0.00868810000247322,0.010451099999045255,0.012918700002046535,0.016806499999802327,0.024621900000056485,0.04721129999961704,0.012144899999839254
300,0.007714399998803856,0.009338399999251124,0.012332800000876887,0.012871300001279451,0.016814500002510613,0.024704899999051122,0.049486300002172356,0.012408999999024672
301,0.008491299999150215,0.009453300001041498,0.010051000001112698,0.012682300002779812,0.01724599999943166,0.02443700000003446,0.05137479999757488,0.012222999997902662
302,0.008055199999944307,0.009684999997261912,0.010104699998919386,0.012695500001427718,0.01680320000014035,0.02440019999994547,0.051069299999653595,0.012243500001204666
303,0.007968099998834077,0.009367200000269804,0.010777699997561285,0.012855900000431575,0.01669910000055097,0.02436219999799505,0.0508019000008062,0.01211909999983618
304,0.007983699997566873,0.009386000001541106,0.013985300000058487,0.013052599999355152,0.01686679999693297,0.025352300002850825,0.051339900001039496,0.012050299999827985
305,0.007995500000106404,0.009443599999940488,0.012824800000089454,0.012742800001433352,0.01691670000218437,0.025422300001082476,0.05117909999898984,0.012325900002906565
306,0.00750519999928656,0.009373400000185939,0.013542600001528626,0.012662299999647075,0.016790499998023733,0.025363900000229478,0.05084690000148839,0.012149700000009034
307,0.007885699997132178,0.009414500000275439,0.013376999999309191,0.012976799996977206,0.0172192999998515,0.02445620000071358,0.047999200000049314,0.012233800000103656
308,0.00776899999982561,0.008982899998954963,0.01398459999836632,0.013559399998484878,0.016779699999460718,0.024403999999776715,0.0529476000010618,0.012503199999628123
309,0.008019400000193855,0.008904099999199389,0.01367250000112108,0.013071499997749925,0.016712799999368144,0.024224599997978657,0.04916949999824283,0.01225479999993695
310,0.009135199998127064,0.009187699997710297,0.011784400001488393,0.013245799997093854,0.01680599999963306,0.025013800001033815,0.049590599999646656,0.012359900003502844
311,0.007598800002597272,0.009732299997267546,0.009619699998438591,0.013029999998252606,0.01670179999928223,0.024960499998996966,0.05008559999987483,0.012271099996723933
312,0.008280199999717297,0.009521100000711158,0.010410200000478653,0.012993899999855785,0.01662920000308077,0.024767200000496814,0.0505038000010245,0.012302499999350403
313,0.011336100000335136,0.009544100001221523,0.010016000000177883,0.013046200001554098,0.016879900002095383,0.025331299999379553,0.05048560000068392,0.012229600000864593
314,0.012334899998677429,0.00938309999764897,0.010693399999581743,0.01272880000033183,0.016746899997087894,0.024832099999912316,0.05025999999998021,0.012811399999918649
315,0.012069200001860736,0.00929320000068401,0.010934699999779696,0.012746399999741698,0.016567899998335633,0.028507600000011735,0.048908999997365754,0.012728499998047482
316,0.01070389999949839,0.009168399999907706,0.010288500001479406,0.012815099998988444,0.016654600000038045,0.02521110000088811,0.04961050000201794,0.012406400001054863
317,0.011246300000493648,0.009140199999819743,0.00992459999906714,0.012793000001693144,0.016683599998941645,0.024557100001402432,0.052760200000193436,0.01223039999968023
318,0.01006779999806895,0.009163999999145744,0.011658200000965735,0.012782999998307787,0.01665109999885317,0.025255000000470318,0.04791359999944689,0.01215790000060224
319,0.008012399997824105,0.009126000000833301,0.010674800003471319,0.01314749999801279,0.016915399999561487,0.025264800002332777,0.0487156999988656,0.012398700000630924
320,0.0074744999983522575,0.008410800001001917,0.010682700001780177,0.012813999997888459,0.016801599998871097,0.024931500000093365,0.047297900000558,0.012181800000689691
321,0.008474300000671064,0.009269499998481479,0.013421999999991385,0.012777500000083819,0.0168204000001424,0.024795600002107676,0.0490447000011045,0.012189099998067832
322,0.008357200000318699,0.009450000001379522,0.014209000000846572,0.0129053999989992,0.016777900000306545,0.025057099999685306,0.04841920000035316,0.011971100000664592
323,0.008209799998439848,0.009226999998645624,0.011377499999071006,0.013153299998521106,0.017073400002118433,0.02548640000168234,0.04887130000133766,0.012502099998528138
324,0.008309000000735978,0.009108499998546904,0.010608799999317853,0.012984400000277674,0.016722799999115523,0.02395049999904586,0.04803540000284556,0.012479900000471389
325,0.0077872000001661945,0.009299199999077246,0.013050900000962429,0.012998899997910485,0.0168904999991355,0.024723299997276627,0.04966539999804809,0.012453799998183968
326,0.007714799998211674,0.009478600000875304,0.012763899998390116,0.012883100000181003,0.01651010000205133,0.02532950000022538,0.05131540000002133,0.012243400000443216
327,0.008855600000970298,0.008446199997706572,0.013542500000767177,0.012840300001698779,0.01649840000027325,0.02440740000020014,0.04944669999895268,0.01222109999798704
328,0.009765999999217456,0.009423299998161383,0.013756899999862071,0.012876700002379948,0.017038999998476356,0.02433000000019092,0.050152299998444505,0.011983399999735411
329,0.011270799997873837,0.009471800000028452,0.0107958000007784,0.012801799999579089,0.01666029999978491,0.0246376999966742,0.050943499998538755,0.012391299998853356
330,0.011617000000114786,0.009417299999768147,0.010398099999292754,0.014545499998348532,0.01687799999854178,0.025124399999185698,0.04705580000154441,0.012533799999800976
331,0.011694200002239086,0.010092300002725096,0.013760199999524048,0.01303850000113016,0.01793579999866779,0.025327600000309758,0.04735810000056517,0.01237319999927422
332,0.010906999999861,0.009290499998314772,0.01387099999919883,0.01274589999957243,0.01911120000295341,0.024326799997652415,0.051117800001520663,0.012246700000105193
333,0.010676899997633882,0.009297299999161623,0.011745899999368703,0.01283540000076755,0.016809799999464303,0.025081300002057105,0.060977000001003034,0.012466199998016236
334,0.010699900001782225,0.009449500001210254,0.01147800000035204,0.015438999998877989,0.016525800001545576,0.025352399999974295,0.04724480000004405,0.01315920000342885
335,0.00861820000136504,0.009466899999097222,0.010038600001280429,0.015129399998841109,0.017227700001967605,0.024500399998942157,0.04641709999850718,0.013153299998521106
336,0.008099700000457233,0.009304999999585561,0.01351010000144015,0.01797929999884218,0.016946899999311427,0.024618700001155958,0.05298939999920549,0.012783500002115034
337,0.007416000000375789,0.009455800001887837,0.013959800002339762,0.012931299999763723,0.016961000001174398,0.024334000001545064,0.04912709999916842,0.012178100001619896
338,0.00877770000079181,0.009371700001793215,0.01163789999918663,0.01268309999795747,0.01676249999945867,0.024091600000247126,0.047357300001749536,0.01224260000162758
339,0.008208200000808574,0.00961700000334531,0.010988800000632182,0.012724399999569869,0.0168785999994725,0.02391600000191829,0.05096060000141733,0.012186600000859471
340,0.008493799999996554,0.009625300001061987,0.010041300000011688,0.01279190000059316,0.01671839999835356,0.024888500000088243,0.04916579999917303,0.012238100000104168
341,0.008367000002181157,0.009609900000214111,0.013126199999533128,0.01265889999922365,0.016692500001227017,0.02530029999979888,0.04962090000117314,0.012207499999931315
342,0.008141399997839471,0.009507899998425273,0.012313300001551397,0.012879499998234678,0.016778099998191465,0.025192999997670995,0.05324140000084299,0.012200900000607362
343,0.008682100000442006,0.009355099999083905,0.011079600000812206,0.012942299999849638,0.018016399997577537,0.024679500002093846,0.049484700000903104,0.012243100001796847
344,0.00785849999738275,0.009557700002915226,0.01373309999689809,0.012860700000601355,0.016678899999533314,0.02561940000305185,0.04960090000167838,0.01242170000114129
345,0.008132200000545708,0.009377099999255734,0.013683100001799176,0.01298030000180006,0.016739700000471203,0.02497149999908288,0.04839219999848865,0.012171700000180863
346,0.00827209999988554,0.009646200000133831,0.010588500001176726,0.012919199998577824,0.016712600001483224,0.024606599999970058,0.05081710000013118,0.011133399999380345
347,0.00964630000089528,0.0095642999986012,0.01239710000299965,0.012919400000100723,0.016887300000234973,0.024131199999828823,0.04828300000008312,0.012332800000876887
348,0.0073472999974910636,0.009220399999321671,0.013855299999704584,0.012894200001028366,0.01663170000028913,0.025162199999613222,0.04971870000008494,0.012332100002822699
349,0.008743200000026263,0.009310699999332428,0.011210399999981746,0.012947799998073606,0.01689260000057402,0.025172800000291318,0.05005159999927855,0.012244699999428121
350,0.008580199999414617,0.009486200000537792,0.010763099999167025,0.012834900000598282,0.016648800003167707,0.025312199999461882,0.04961069999990286,0.012492800000472926
351,0.009459400000196183,0.009385900000779657,0.01128949999838369,0.012994999997317791,0.01653479999731644,0.025047800001630094,0.048707699999795295,0.012277799996809335
352,0.00880660000257194,0.009531899999274174,0.010872399998334004,0.012867599998571677,0.017821099998400314,0.025454000002355315,0.049094599999079946,0.012877799999841955
353,0.007647499998711282,0.009331100001872983,0.011313700000755489,0.01292259999900125,0.017042199997376883,0.025575499999831663,0.04926940000223112,0.012711600000329781
354,0.008920599997509271,0.009352900000521913,0.010665499998140149,0.012725299999146955,0.01678890000039246,0.025681200000690296,0.04925980000189156,0.01231760000155191
355,0.0074784999997064006,0.009236099998815916,0.010489999996934785,0.012792199999239529,0.01766190000125789,0.029073100002278807,0.04889270000057877,0.012834799999836832
356,0.009261000002879882,0.009355300000606803,0.011464100000011967,0.012972100001206854,0.01670410000224365,0.02467090000209282,0.048346999999921536,0.012527700000646291
357,0.00768669999888516,0.009311199999501696,0.013939700002083555,0.01610369999980321,0.016489300000102958,0.024998500000947388,0.04878169999938109,0.012261199997738004
358,0.0075543000020843465,0.009447199998248834,0.009998199999245116,0.012954300000274088,0.016645399999106303,0.026134600000659702,0.05331160000059754,0.012156800003140233
359,0.007564799998363014,0.0097868999982893,0.010351900000387104,0.012814999998226995,0.016664300001139054,0.02496189999874332,0.050742600000376115,0.01220380000086152
360,0.007729500001005363,0.009355599999253172,0.012430700000550132,0.012684600002103252,0.016937799999141134,0.024577899999712827,0.04987110000001849,0.011979499999142718
361,0.008457500000076834,0.009272000002965797,0.0111295999995491,0.012691099997027777,0.0167793000000529,0.025258100002247375,0.04727350000030128,0.011975100002018735
362,0.011824900000647176,0.009464599999773782,0.012034899998980109,0.01296590000129072,0.016872999996849103,0.025144499999441905,0.04919119999976829,0.012425200002326164
363,0.009778300001926254,0.009514199999102857,0.012913600003230385,0.013093699999444652,0.016621099999611033,0.025260800000978634,0.05310540000209585,0.01219880000280682
364,0.01341119999779039,0.009472900001128437,0.013950399999885121,0.013065499999356689,0.016679000000294764,0.024938500002463115,0.04793209999843384,0.012129800001275726
365,0.009217800001351861,0.008946699999796692,0.013965799997095019,0.012805099999241065,0.016719800001737894,0.025879999997414416,0.04681479999999283,0.012239600000611972
366,0.008876199997757794,0.009356700000353158,0.011811500000476371,0.013347499996598344,0.016545399997994537,0.02514349999910337,0.05439729999852716,0.01241170000139391
367,0.008396999997785315,0.009499800002231495,0.01246999999784748,0.01308209999842802,0.0167451000015717,0.024788300001091557,0.054507500000909204,0.012504199999966659
368,0.00845869999830029,0.009395500001119217,0.01270460000159801,0.012909600001876242,0.01696090000041295,0.02498580000246875,0.051541199998609954,0.01224220000221976
369,0.009309100001701154,0.00806659999943804,0.01178500000241911,0.012838300001021707,0.016799199998786207,0.024226900000940077,0.04867569999987609,0.012216700000863057
370,0.008589400000346359,0.009412400002474897,0.013841500000125961,0.012800900000002002,0.016698600000381703,0.024089800001092954,0.04951549999896088,0.01235860000087996
371,0.007314899998164037,0.009381600000779144,0.013998099999298574,0.012780499997461447,0.01702579999982845,0.025131500002316898,0.04860809999809135,0.01221589999840944
372,0.009615300001314608,0.009367200000269804,0.01183139999920968,0.012880900001619011,0.01671320000241394,0.02440329999808455,0.04951919999803067,0.01223520000348799
373,0.008679099999426398,0.008497400001942879,0.011991799998213537,0.012738100002025021,0.016792999998870073,0.0248386000021128,0.04961379999804194,0.01253530000030878
374,0.0077378999994834885,0.009366400001454167,0.010136299999430776,0.013072999998257728,0.016769999998359708,0.02511429999867687,0.0504904000008537,0.01237810000020545
375,0.007749999997031409,0.009135500000411412,0.011373199999070494,0.013119200000801357,0.016642999999021413,0.025445900002523558,0.05013400000098045,0.012621900001249742
376,0.008806599998933962,0.009226599999237806,0.013907300002756529,0.012771100002282765,0.016618899997411063,0.025959200000215787,0.048884499999985565,0.012318400000367546
377,0.012405800000124145,0.009135200001765043,0.011126500001410022,0.012715500000922475,0.01675549999708892,0.0255765000001702,0.04820149999795831,0.01253780000115512
378,0.009346999999252148,0.009355599999253172,0.010480200002348283,0.012652000001253327,0.016678599997248966,0.025509700000839075,0.049685000001773005,0.012276900000870228
379,0.007975500000611646,0.009076800000912044,0.011950800002523465,0.013052700000116602,0.016741600000386825,0.02525709999827086,0.049007899997377535,0.012132200001360616
380,0.009299199999077246,0.00865459999840823,0.00980870000057621,0.013076400002319133,0.016700100000889506,0.02566319999823463,0.04782069999782834,0.01236839999910444
381,0.007583099999465048,0.00932719999764231,0.009934800000337418,0.012950500000442844,0.01651490000222111,0.02562719999696128,0.046655800000735326,0.012141600000177277
382,0.010122899999259971,0.009580399997503264,0.010395099998277146,0.012974199999007396,0.016602800002146978,0.025631500000599772,0.048707400001148926,0.012553500000649365
383,0.007794600001943763,0.009540300001390278,0.011039799999707611,0.01279409999915515,0.016711700001906138,0.02556909999839263,0.04925500000172178,0.012108200000511715
384,0.009527300000627292,0.009198299998388393,0.012829600000259234,0.012766100000590086,0.016705699999874923,0.02554990000135149,0.04975610000110464,0.012280799997824943
385,0.00751010000021779,0.009380600000440609,0.011289999998552958,0.012980999999854248,0.016672399997332832,0.02509230000214302,0.050087299998267554,0.01231499999994412
386,0.008566199998313095,0.00944819999858737,0.010975000001053559,0.012937499999679858,0.01676209999641287,0.025127000000793487,0.04962090000117314,0.01214560000153142
387,0.008196200000384124,0.009251299998140894,0.011311400001432048,0.012913599999592407,0.016744799999287352,0.02507309999782592,0.052012799998919945,0.012181199999758974
388,0.009369499999593245,0.009520100000372622,0.010146699998585973,0.013110899999446701,0.016782999999122694,0.024791600000753533,0.04791470000054687,0.012435700002242811
389,0.008087599999271333,0.00904649999938556,0.01116139999794541,0.012880300000688294,0.017338800000288757,0.025166300001728814,0.049706900001183385,0.012776100000337465
390,0.00797430000238819,0.00947249999808264,0.011863200001243968,0.012722600000415696,0.0178118000003451,0.025101600000198232,0.05021140000098967,0.012302700000873301
391,0.008498300001519965,0.009365199999592733,0.012176500000350643,0.012813900000764988,0.016911700000491692,0.024675799999386072,0.05188559999805875,0.012391900003422052
392,0.007288700002391124,0.009579100002156338,0.010148000001208857,0.012815699999919161,0.016860700001416262,0.025192100001731887,0.04996690000189119,0.012292700001125922
393,0.0095642999986012,0.009339899999758927,0.012462200000300072,0.012767899999744259,0.016780199999629986,0.025021200002811383,0.05005959999834886,0.012378700001136167
394,0.013032899998506764,0.009655400001065573,0.012834100001782645,0.013139499998942483,0.0166916999987734,0.026791899999807356,0.05311170000277343,0.012531600001238985
395,0.010402899999462534,0.00953759999902104,0.011433499999839114,0.01793580000230577,0.016613600000709994,0.02507049999985611,0.04993539999850327,0.013699899998755427
396,0.008672100000694627,0.009360200001538033,0.011925999999220949,0.013922000001912238,0.02084850000028382,0.027653400000417605,0.04832479999822681,0.012370300002658041
397,0.009502000000793487,0.008652200001961319,0.013668899999174755,0.014649200002168072,0.017712099997879704,0.025625500002206536,0.04863110000223969,0.012603399998624809
398,0.010336800001823576,0.009626099999877624,0.013783200000034412,0.014222300000255927,0.016937699998379685,0.02538769999955548,0.04991879999943194,0.012419999999110587
399,0.010399399998277659,0.009381199997733347,0.012391299998853356,0.01300210000044899,0.01670910000029835,0.02453889999742387,0.048780400000396185,0.012303900002734736
400,0.011787399998866022,0.009295299998484552,0.01151899999968009,0.013235800000984455,0.016859799998201197,0.025241499999538064,0.05035610000049928,0.012330899997323286
401,0.011060199998610187,0.009526499998173676,0.01105210000241641,0.012897600001451792,0.01672320000216132,0.025327700001071207,0.04670950000217999,0.012077600000338862
402,0.010487999999895692,0.009383300002809847,0.012087499999324791,0.012943599998834543,0.01705240000228514,0.02561220000279718,0.04822530000092229,0.012326300002314383
403,0.010681200001272373,0.009470100001635728,0.011960800002270844,0.012819600000511855,0.017283299999689916,0.024867899999662768,0.05074070000046049,0.0120563000018592
404,0.010708300000260351,0.009553100000630366,0.013543000000936445,0.012866299999586772,0.01686340000014752,0.025112300001637777,0.05075130000113859,0.012270300001546275
405,0.0077655000022787135,0.00904889999947045,0.011798699997598305,0.013365800001338357,0.016888899997866247,0.02516499999910593,0.04943279999861261,0.012213599999086
406,0.00981839999803924,0.009601800000382354,0.010314900002413196,0.013385099999140948,0.016644600000290666,0.025274600000557257,0.04904100000203471,0.012471999998524552
407,0.00814410000020871,0.009418099998583784,0.010015600000770064,0.01303879999977653,0.017095699997298652,0.025602099998650374,0.050372100002277875,0.012282499999855645
408,0.00850680000075954,0.009342800000013085,0.011369699997885618,0.014617099997849436,0.016768400000728434,0.025279800000134856,0.04947379999794066,0.012593199997354532
409,0.007687100001930958,0.00954950000232202,0.01374260000011418,0.01676969999971334,0.01671400000122958,0.02493289999983972,0.05102729999998701,0.012606500000401866
410,0.007494800000131363,0.009428900000784779,0.013637500000186265,0.014827799997874536,0.016796500000054948,0.024477499999193242,0.049668000003293855,0.012292399998841574
411,0.008731199999601813,0.009277499997551786,0.01302659999782918,0.014014000000315718,0.016705699999874923,0.02436390000002575,0.048967900002026,0.012595599997439422
412,0.007552699997177115,0.00940709999849787,0.013219099997513695,0.012865300002886215,0.016650099998514634,0.023910700001579244,0.05051670000102604,0.012674899997364264
413,0.008272600000054808,0.009461699999519624,0.013134800003172131,0.02189389999693958,0.016823800000565825,0.023924800003442215,0.050829600000724895,0.012388199997076299
414,0.007601599998452002,0.00933420000001206,0.013810000000376021,0.02059220000228379,0.017225100000359816,0.025105699998675846,0.052155499997752486,0.013156399996660184
415,0.009501799999270588,0.009299800000007963,0.014033900002687005,0.013072699999611359,0.016922999999223975,0.024996899999678135,0.05001020000054268,0.012549299997772323
416,0.0073607999984233174,0.00946029999977327,0.012032499998895219,0.0127602000029583,0.016844099998706952,0.024884700000257,0.04954410000209464,0.01232969999909983
417,0.007965699998749187,0.009668700000474928,0.010447500000736909,0.012771000001521315,0.01663139999800478,0.025004300001455704,0.04824010000083945,0.01219429999764543
418,0.007903800000349293,0.009574200001225108,0.012139699996623676,0.012891999998828396,0.01660049999918556,0.0252835999999661,0.0482051999970281,0.01228350000019418
419,0.007450699999026256,0.00945799999681185,0.011071499997342471,0.012744700001348974,0.016709700001229066,0.025204900000971975,0.049692100001266226,0.01207310000245343
420,0.008140099998854566,0.008573800001613563,0.0116037999978289,0.012685099998634541,0.01686369999879389,0.025567699998646276,0.04961200000252575,0.01224269999875105
421,0.008941699998104014,0.00940949999858276,0.012076800001523225,0.013037900000199443,0.0167020999979286,0.025343400000565453,0.0473959000009927,0.012083400000847178
422,0.009082100001251092,0.009096499998122454,0.012541799998871284,0.01291970000238507,0.016758099998696707,0.02527399999962654,0.0486525000014808,0.012529399999039015
423,0.007260499998665182,0.008259700000053272,0.012803300000086892,0.012700499999482417,0.016576599999098107,0.025013999998918734,0.048954699999740114,0.012234699999680743
424,0.00827460000073188,0.009415500000613974,0.010694500000681728,0.012848700000176905,0.016620500002318295,0.025861199999781093,0.04794199999741977,0.012380100000882521
425,0.008360499999980675,0.009564500000124099,0.012649799999053357,0.012796300001355121,0.016845300000568386,0.02510429999892949,0.05020820000208914,0.012253200002305675
426,0.007816800000000512,0.009313200000178767,0.013597799999843119,0.012751000002026558,0.017174000000522938,0.024958499998319894,0.04775119999976596,0.01231760000155191
427,0.007452500001818407,0.009676000001491047,0.011760599998524413,0.012991100000363076,0.01665330000105314,0.02548450000176672,0.04823009999745409,0.012142100000346545
428,0.007780600000842242,0.00956439999936265,0.014132599997537909,0.012819100000342587,0.016654799997922964,0.026411999999254476,0.051608499998110346,0.012311599999520695
429,0.008732499998586718,0.00949140000011539,0.010512900000321679,0.012747700002364581,0.01669179999953485,0.025484800000413088,0.049963800000114134,0.012391199998091906
430,0.009565799999109004,0.009650500000134343,0.01047130000006291,0.013101499996992061,0.016928100001678104,0.025916899998264853,0.04805800000031013,0.012485200000810437
431,0.007566399999632267,0.00957399999970221,0.012976699999853736,0.014913499999238411,0.01694090000091819,0.02554759999839007,0.04704489999858197,0.01230760000180453
432,0.007827800000086427,0.009308599997893907,0.00998540000000503,0.012710499999229796,0.016588800001045456,0.0252323000022443,0.046948900002462324,0.012267500002053566
433,0.007873500002460787,0.009652000000642147,0.012798400002793642,0.012814099998649908,0.016935899999225512,0.02601190000132192,0.047986599998694146,0.012618099997780519
434,0.008700399997906061,0.009587100001226645,0.0137377999999444,0.01283020000118995,0.016804000002593966,0.025402400002349168,0.04919789999985369,0.01262960000167368
435,0.008011000001715729,0.009329299999080831,0.010745700001280056,0.012804600002709776,0.01657559999875957,0.02506820000053267,0.0497590000013588,0.012202699999761535
436,0.009119999998802086,0.009560099999362137,0.011687800000800053,0.01284059999670717,0.01697210000202176,0.025143999999272637,0.05040490000101272,0.012279700000362936
437,0.008588100001361454,0.00941140000213636,0.01052949999939301,0.01279689999864786,0.017128700001194375,0.025384299999132054,0.05057970000052592,0.012364499998511747
438,0.007416400003421586,0.008775199999945471,0.012977899998077191,0.012790199998562457,0.016869699997187126,0.02543370000057621,0.049706699999660486,0.012183700000605313
439,0.008753999998589279,0.008645199999591568,0.013258200000564102,0.013072699999611359,0.01688350000040373,0.02503450000222074,0.050214999999298016,0.012331300000369083
440,0.007347799997660331,0.009460900000703987,0.013765400002739625,0.013022499999351567,0.017308000002230983,0.02561730000161333,0.04924409999875934,0.012560400002257666
441,0.007675600001675775,0.009291099999245489,0.0121142999996664,0.012819999999919673,0.016724900000554044,0.025393100000655977,0.047434700001758756,0.0121504000017012
442,0.010272100000292994,0.00942139999824576,0.010689799997635419,0.01295120000213501,0.016712199998437427,0.025229599999875063,0.04880039999989094,0.012336399999185232
443,0.009947599999577506,0.00951609999901848,0.010530799998377915,0.012856000001193024,0.0166557999982615,0.02560579999772017,0.04826179999872693,0.012151700000686105
444,0.00756320000073174,0.009397999998327577,0.013393500001257053,0.012790300002961885,0.016641999998682877,0.025172800000291318,0.04873640000005253,0.012343899998086272
445,0.007619299998623319,0.008997799999633571,0.012418099999194965,0.012779299999237992,0.017215900003066054,0.02528159999928903,0.04909350000161794,0.012187799999082927
446,0.0075290999993740115,0.009579900000971975,0.012825099998735823,0.01307970000198111,0.017197000001033302,0.025446899999224115,0.04905810000127531,0.012604300001839874
447,0.007571400001324946,0.009425000000192085,0.012733499999740161,0.01296839999849908,0.01678900000115391,0.024800400002277456,0.048556900001131,0.012367700001050252
448,0.008502499997121049,0.009400300001288997,0.012156799999502255,0.012919699998747092,0.018006300000706688,0.023803300002327887,0.048845900000742404,0.012272200001461897
449,0.007662700001674239,0.008843499999784399,0.013875399999960791,0.012965799996891292,0.017414999998436542,0.025030699998751516,0.0516222000005655,0.012776100000337465
450,0.007853299997805152,0.008560599999327678,0.013173200000892393,0.012781500001437962,0.016744200001994614,0.025704199997562682,0.049203699996724026,0.013582399998995243
451,0.0076733000023523346,0.008976699999038829,0.012475299998186529,0.012857600002462277,0.016587300000537653,0.024338100000022678,0.04945890000090003,0.012510099997598445
452,0.010089600000355858,0.008894999999029096,0.010765099999844097,0.012897399999928894,0.016646799998852657,0.02530999999726191,0.04911619999984396,0.01276259999940521
453,0.009004199997434625,0.008749500000703847,0.010235900001134723,0.012829600000259234,0.016436699999758275,0.025285299998358823,0.049501100002089515,0.013566300000093179
454,0.008050599997659447,0.009534000000712695,0.01199579999956768,0.012868000001617474,0.01653489999807789,0.025570800000423333,0.04871690000072704,0.012471899997763103
455,0.007994600000529317,0.009294399998907465,0.01246980000360054,0.012854399999923771,0.01662419999775011,0.024406100001215236,0.049229800002649426,0.012243799999851035
456,0.007526000001234934,0.00940459999765153,0.011434299998654751,0.015028100002382416,0.016589100003329804,0.02503660000002128,0.051011199997446965,0.012457000000722473
457,0.007513100001233397,0.009515199999441393,0.01187960000243038,0.012914699997054413,0.016973900001175934,0.02536760000293725,0.05020480000166572,0.012404199998854892
458,0.008993300001748139,0.009299399996962165,0.013818199997331249,0.012977500002307352,0.016683400001056725,0.025274700001318706,0.0492076000009547,0.011130399998364737
459,0.008333899997523986,0.0093877999970573,0.010993699997925432,0.01272400000016205,0.016733699998439988,0.025149599998258054,0.04870129999835626,0.012524899997515604
460,0.008766599999944447,0.00938010000027134,0.01149489999806974,0.012736500000755768,0.016635899999528192,0.024885200000426266,0.05137349999858998,0.012533600001916056
461,0.009322099998826161,0.009413399999175454,0.012030400001094677,0.012860099999670638,0.016894499996851664,0.02521110000088811,0.04707839999900898,0.01259099999879254
462,0.009071399999811547,0.008113500000035856,0.012286200002563419,0.012722300001769327,0.01703320000160602,0.024897100000089267,0.048485200000868645,0.013109700001223246
463,0.007584499999211403,0.009338299998489674,0.010179299999435898,0.012683299999480369,0.016995400001178496,0.02498139999806881,0.04811120000158553,0.012614700000995072
464,0.0074051000010513235,0.009492199998931028,0.011223099998460384,0.012838299997383729,0.016862500000570435,0.02495989999806625,0.04795200000080513,0.012360299999272684
465,0.007340800002566539,0.009458599997742567,0.010719900001276983,0.012830100000428502,0.016643299997667782,0.02539529999921797,0.04809469999963767,0.012386600003083004
466,0.008169699998688884,0.00948449999850709,0.010117199999513105,0.012882400002126815,0.01671379999970668,0.024950600000011036,0.05355319999944186,0.012213800000608899
467,0.008752400000958005,0.009476200000790413,0.011701899999025045,0.012820299998566043,0.016557300001295516,0.025563400002283743,0.050292300002183765,0.0124312000007194
468,0.00804229999994277,0.00821400000131689,0.013058499996986939,0.012872800001787255,0.017580499999894528,0.0252784000003885,0.04945969999971567,0.012402000000292901
469,0.007538799996837042,0.009340399999928195,0.013330599998880643,0.014329999998153653,0.016926000000239583,0.02561050000076648,0.04829249999966123,0.01245790000029956
470,0.007452300000295509,0.008908800002245698,0.01362679999874672,0.01321490000191261,0.016685800001141615,0.025464300000749063,0.049322599999868544,0.012491199999203673
471,0.009124899999733316,0.009391100000357255,0.011766399999032728,0.012717800000245916,0.017769900001439964,0.025119699999777367,0.05119349999949918,0.012431500003003748
472,0.011538500002643559,0.007898200001363875,0.012430099999619415,0.01277259999915259,0.016693300000042655,0.02549669999643811,0.04922850000002654,0.012174499999673571
473,0.010776600000099279,0.009155800002190517,0.010723899998993147,0.013063300000794698,0.016685599999618717,0.027177500000107102,0.05074360000071465,0.012674500001594424
474,0.011423699997976655,0.009377000002132263,0.010276300003170036,0.012793599998985883,0.01653499999883934,0.025282300000981195,0.04936259999885806,0.012566499997774372
475,0.011424599997553742,0.009431900001800386,0.013680000000022119,0.013061000001471257,0.017530599998281104,0.025439000000915257,0.05125120000229799,0.013404400000581518
476,0.010487699997611344,0.009454499999264954,0.012714700002106838,0.012897299999167444,0.016888400001334958,0.025144600000203354,0.049494200000481214,0.012769200002367143
477,0.01182150000022375,0.009511600001133047,0.013006799999857321,0.012863500000094064,0.01697739999872283,0.02461050000056275,0.05150370000046678,0.014752099999896018
478,0.011934299996937625,0.009366900001623435,0.011174200000823475,0.012947200000780867,0.016789200002676807,0.024536799999623327,0.049765200001274934,0.013253599998279242
479,0.011738000001059845,0.009324200000264682,0.011870999998791376,0.013605100000859238,0.017339000001811655,0.024943899999925634,0.04890270000032615,0.012574899999890476
480,0.010515499998291489,0.009195200000249315,0.01192330000048969,0.013545599998906255,0.016738800000894116,0.024946599998656893,0.050923700000566896,0.012591400001838338
481,0.007865900002798298,0.009269100002711639,0.010653400000592228,0.014016500001162058,0.01669670000046608,0.02543599999989965,0.048154000000067754,0.012454599996999605
482,0.007707700002356432,0.009293400002206909,0.010424000000057276,0.015183100000285776,0.017052999999577878,0.025171000001137145,0.04828619999898365,0.012327000000368571
483,0.008826900000713067,0.009242000000085682,0.010839999999006977,0.013971899999887682,0.016915000000153668,0.02446540000164532,0.0483462000011059,0.012479299999540672
484,0.008869000001141103,0.009458799999265466,0.01383940000232542,0.013864699998521246,0.016873099997610552,0.02497850000145263,0.0507365999983449,0.012553200002002995
485,0.00925920000008773,0.009338099996966776,0.013557900001615053,0.015723799999250332,0.016911099999560975,0.024575299998105038,0.051434499997412786,0.012749600002280204
486,0.010613500002364162,0.00921329999982845,0.013655999999173218,0.01276539999889792,0.01675289999911911,0.02469589999964228,0.0483526999996684,0.012510799999290612
487,0.011992800002190052,0.009417599998414516,0.011181000001670327,0.013073199999780627,0.016596399997069966,0.02380009999978938,0.04792540000198642,0.012601900001754984
488,0.00904909999735537,0.009450900000956608,0.01360749999730615,0.012800699998479104,0.017084900002373615,0.023857899999711663,0.050761600003170315,0.012620699999388307
489,0.007839800000510877,0.009400999999343185,0.013792300000204705,0.012739300000248477,0.016765000000305008,0.02437609999833512,0.05138280000028317,0.012480599998525577
490,0.007827599998563528,0.009669700000813464,0.01071570000203792,0.012793899997632252,0.017077699998480966,0.02983700000186218,0.048632599999109516,0.012261199997738004
491,0.008114599997497862,0.009712499999295687,0.010989800000970718,0.01277700000355253,0.017119100000854814,0.02497389999916777,0.05069120000189287,0.012345200000709156
492,0.007680000002437737,0.009612199999537552,0.013743200001044897,0.013203499998780899,0.016615800002909964,0.024512799998774426,0.050556300000607735,0.012838700000429526
493,0.0075279999982740264,0.009540400002151728,0.012678799997956958,0.012892499998997664,0.01700219999838737,0.024662299998453818,0.05103009999947972,0.013242600001831306
494,0.007836099997803103,0.009472099998674821,0.012580200000229524,0.013989900002343347,0.017692500001430744,0.02462070000183303,0.04771990000153892,0.012638500000321073
495,0.008673500000440981,0.009321900000941241,0.012851499999669613,0.013403499997366453,0.016705000001820736,0.02374959999724524,0.05213490000096499,0.012716000001091743
496,0.007441300000209594,0.009652100001403596,0.01170780000029481,0.013238300001830794,0.01704539999991539,0.02386349999869708,0.0514748999994481,0.012511300003097858
497,0.00882399999682093,0.009572099999786587,0.011992600000667153,0.01283549999789102,0.016983600002276944,0.024250899998151,0.05145059999995283,0.012657999999646563
498,0.008578199998737546,0.009391599996888544,0.012943999998242361,0.01261779999913415,0.016762600000220118,0.024232899999333313,0.05156369999895105,0.012652499997784616
499,0.00865200000043842,0.009621799999877112,0.014274099998146994,0.012782699999661418,0.016739899998356123,0.02431609999985085,0.04651899999953457,0.01378159999876516
Mean,0.008614192799963349,0.009381731799992849,0.01179386819989304,0.013292926600028294,0.01693346219997329,0.025141248799918685,0.04974670380010503,0.012450664200092432
Median,0.008134899999276968,0.009398999998666113,0.011530949999723816,0.012893050001366646,0.01681365000149526,0.025137500000710133,0.04947455000001355,0.01235880000058387
Std_dev,0.0017404549933932355,0.0005979423407608157,0.0013303212363540511,0.0013374483960867816,0.0005767107082286747,0.0007128655991131654,0.001758013566225606,0.0008695057954473532
